nombre,apellido,dni,edad,direccion,correo,telefono,sueldo,fk_idactividad
Marge,Peek,28418474,38,15732 Beilfuss Road,mpeek0@nymag.com,845-683-8548,183622,38
Jackie,Cortese,30399027,31,8 Kedzie Park,jcortese1@csmonitor.com,213-331-4408,182804,43
Amil,Ledgister,41779074,44,32 Green Ridge Road,aledgister2@bing.com,928-907-9674,153351,43
Tabbie,Greg,32942843,36,3237 Everett Place,tgreg3@furl.net,731-864-1421,192052,35
Nichole,Hoodless,26218938,30,32093 School Pass,nhoodless4@vk.com,994-141-3672,189375,39
Brit,Pringour,39419446,32,2116 Summerview Court,bpringour5@house.gov,602-271-3727,176746,19
Adel,Feehely,35158881,45,292 Pine View Crossing,afeehely6@people.com.cn,238-566-1574,174820,9
Reade,Sheer,30325119,34,1 3rd Trail,rsheer7@aol.com,869-162-6146,199890,27
Dalia,Maddrell,30885923,30,34 Ilene Terrace,dmaddrell8@networkadvertising.org,219-832-2178,151860,10
Arne,Volant,35082458,43,2686 Clyde Gallagher Park,avolant9@eventbrite.com,692-133-7581,159196,50
Wilma,Hallwell,33124783,45,83566 Doe Crossing Circle,whallwella@hugedomains.com,216-945-5506,183601,6
Thaddeus,Fedorski,32334170,32,4 Cambridge Hill,tfedorskib@theglobeandmail.com,311-364-3273,179627,39
Hank,Hanby,39493054,40,630 Fulton Alley,hhanbyc@ehow.com,977-161-1052,173861,47
Eolande,Andries,29864351,39,3492 Luster Drive,eandriesd@bluehost.com,803-868-7430,160829,1
Allyn,Bill,37812655,41,2 Vernon Circle,abille@wordpress.org,189-991-1894,192957,34
Aurie,Duffitt,30330946,40,8893 Carpenter Hill,aduffittf@amazon.com,592-596-3571,188285,37
Sallyann,Aingel,28370782,30,14648 Cody Lane,saingelg@mozilla.com,515-784-8947,196892,34
Terza,Bauman,31067780,44,067 Killdeer Circle,tbaumanh@tumblr.com,846-110-4512,190648,41
Leola,Lilian,34185124,35,7517 Ludington Alley,lliliani@independent.co.uk,293-969-0000,187403,40
Martainn,Mattevi,39350125,30,7 Hazelcrest Circle,mmattevij@tamu.edu,630-261-8201,188324,31
Tessie,Kilfoyle,31436505,35,810 Sommers Drive,tkilfoylek@businessinsider.com,399-169-1995,188176,9
Stacee,Chern,26409866,31,1 Cherokee Drive,schernl@whitehouse.gov,497-921-4860,181245,15
Maurie,Twiggins,38895841,40,672 Wayridge Way,mtwigginsm@hexun.com,331-932-1006,182465,47
Brynna,Colquitt,41824900,43,04 West Drive,bcolquittn@github.com,673-953-9637,182392,13
Patsy,Crown,26547706,39,103 Westerfield Center,pcrowno@stanford.edu,961-305-0250,180350,25
Titos,Gayter,31273243,40,952 Eliot Junction,tgayterp@noaa.gov,636-619-1374,193249,50
Katina,Mitchel,41466829,26,199 Cherokee Plaza,kmitchelq@hugedomains.com,827-964-2273,157958,37
Charleen,Statefield,27117320,45,45539 Nevada Plaza,cstatefieldr@smugmug.com,951-206-8935,191788,11
Marris,Seamon,29519190,36,26 Fulton Junction,mseamons@bbc.co.uk,315-717-5063,164613,39
Haley,Bundy,27832436,31,342 Hayes Lane,hbundyt@ezinearticles.com,482-119-5307,194862,26
